Space name,target strand,Distance from TSS,Protospacer sequence
T1 -141 ,T,4361,AGGCCCTTTCGTCTTCACACTCGAGCACGACAG 
T2/lacZ ,T,-37,AGGCTTTACACTTTATGCTTCCGGCTCGTATGT 
T3,T,27,AGGAAACAGCTATGACCATGATTACGGATTCAC 
T4,T,149,AGGAGATATACATATGAGTAAAGGAGAAGAACT 
T5,T,263,AGGTGATGCAACATACGGAAAACTTACCCTTAA 
T6,T,506,AGGTGATACCCTTGTTAATAGAATCGAGTTAAA 
NT1 -129,NT,4373,AAGACGAAAGGGCCTCGTGATACGCCTATTTTT 
NT2,NT,-20,AAGCATAAAGTGTAAAGCCTGGGGTGCCTAATG 
NT3,NT,119,AAGGCGATTAAGTTGGGTAACGCCAGGGTTTTC 
NT4,NT,180,AAGTTCTTCTCCTTTACTCATATGTATATCTCC 
NT5,NT,290,AGGGTAAGTTTTCCGTATGTTGCATCACCTTCA 
NT6,NT,515,AGGGTATCACCTTCAAACTTGACTTCAGCACGT